session_id,user_id,device_id,started_at,ended_at,referrer,utm_source,utm_medium,utm_campaign
1,1,1,2025-02-18 14:00:00,2025-02-18 14:21:00,https://google.com,google,none,retargeting
2,1,2,2025-01-22 19:00:00,2025-01-22 19:44:00,direct,google,none,spring_launch
3,1,2,2025-01-30 14:00:00,2025-01-30 14:55:00,https://partner.com,email,organic,none
4,2,3,2025-02-20 09:00:00,2025-02-20 09:06:00,https://partner.com,google,organic,retargeting
5,2,4,2025-02-07 10:00:00,2025-02-07 10:08:00,https://partner.com,google,referral,brand
6,2,4,2025-01-03 17:00:00,2025-01-03 17:14:00,https://facebook.com,facebook,none,spring_launch
7,2,3,2025-01-23 14:00:00,2025-01-23 14:32:00,https://facebook.com,email,cpc,none
8,2,4,2025-01-01 16:00:00,2025-01-01 16:59:00,https://partner.com,email,referral,brand
9,3,5,2025-02-16 12:00:00,2025-02-16 12:07:00,direct,google,none,brand
10,4,6,2025-02-24 09:00:00,2025-02-24 09:11:00,https://facebook.com,email,cpc,brand
11,4,6,2025-01-21 10:00:00,2025-01-21 10:52:00,https://google.com,email,none,spring_launch
12,4,6,2025-03-01 09:00:00,2025-03-01 09:06:00,https://google.com,email,cpc,none
13,4,6,2025-01-11 17:00:00,2025-01-11 17:06:00,direct,email,referral,none
14,4,6,2025-01-20 12:00:00,2025-01-20 12:41:00,https://facebook.com,none,organic,spring_launch
15,4,6,2025-02-03 12:00:00,2025-02-03 12:48:00,direct,none,organic,retargeting
16,4,6,2025-02-13 15:00:00,2025-02-13 15:21:00,https://facebook.com,facebook,none,brand
17,4,6,2025-02-15 14:00:00,2025-02-15 14:36:00,https://google.com,facebook,referral,spring_launch
18,5,7,2025-02-12 21:00:00,2025-02-12 21:08:00,https://facebook.com,facebook,cpc,spring_launch
19,5,7,2025-02-03 14:00:00,2025-02-03 14:41:00,direct,facebook,organic,none
20,5,7,2025-01-21 17:00:00,2025-01-21 17:40:00,https://google.com,facebook,organic,spring_launch
21,5,7,2025-02-06 16:00:00,2025-02-06 16:42:00,https://facebook.com,none,referral,spring_launch
22,6,8,2025-01-21 18:00:00,2025-01-21 18:35:00,direct,none,organic,none
23,7,11,2025-02-23 18:00:00,2025-02-23 18:05:00,https://google.com,none,referral,retargeting
24,7,10,2025-01-29 12:00:00,2025-01-29 12:15:00,direct,none,none,spring_launch
25,7,11,2025-02-28 14:00:00,2025-02-28 14:44:00,https://facebook.com,facebook,referral,brand
26,7,11,2025-01-24 13:00:00,2025-01-24 13:26:00,https://partner.com,google,organic,none
27,7,11,2025-02-16 11:00:00,2025-02-16 11:23:00,https://partner.com,email,cpc,retargeting
28,7,10,2025-02-28 20:00:00,2025-02-28 20:47:00,https://google.com,facebook,organic,spring_launch
29,7,11,2025-01-09 16:00:00,2025-01-09 16:44:00,https://google.com,google,cpc,brand
30,8,12,2025-02-13 19:00:00,2025-02-13 19:55:00,https://facebook.com,facebook,organic,none
31,8,12,2025-01-19 12:00:00,2025-01-19 12:48:00,direct,email,cpc,spring_launch
32,8,12,2025-01-17 17:00:00,2025-01-17 17:59:00,https://google.com,email,none,retargeting
33,9,13,2025-01-26 17:00:00,2025-01-26 17:20:00,direct,google,referral,retargeting
34,9,13,2025-01-21 13:00:00,2025-01-21 13:11:00,https://facebook.com,email,cpc,brand
35,9,13,2025-01-09 10:00:00,2025-01-09 10:52:00,https://partner.com,facebook,referral,brand
36,9,13,2025-01-29 09:00:00,2025-01-29 09:35:00,https://facebook.com,none,referral,brand
37,9,13,2025-01-18 18:00:00,2025-01-18 18:46:00,direct,google,organic,brand
38,9,13,2025-01-24 10:00:00,2025-01-24 10:48:00,https://partner.com,google,organic,brand
39,9,13,2025-02-06 18:00:00,2025-02-06 18:44:00,https://facebook.com,email,referral,none
40,9,13,2025-02-08 15:00:00,2025-02-08 15:53:00,https://partner.com,google,organic,spring_launch
41,9,13,2025-01-13 09:00:00,2025-01-13 09:37:00,https://partner.com,google,organic,none
42,9,13,2025-01-02 14:00:00,2025-01-02 14:39:00,https://facebook.com,facebook,organic,brand
43,10,15,2025-02-26 15:00:00,2025-02-26 15:48:00,https://google.com,facebook,organic,spring_launch
44,10,15,2025-02-08 11:00:00,2025-02-08 11:09:00,https://facebook.com,google,referral,spring_launch
45,10,14,2025-01-14 15:00:00,2025-01-14 15:34:00,https://partner.com,facebook,organic,spring_launch
46,10,14,2025-01-25 08:00:00,2025-01-25 08:57:00,direct,google,referral,spring_launch
47,10,14,2025-02-26 15:00:00,2025-02-26 15:08:00,direct,facebook,cpc,spring_launch
48,10,15,2025-02-06 18:00:00,2025-02-06 18:10:00,https://partner.com,email,organic,none
49,10,14,2025-01-11 21:00:00,2025-01-11 21:17:00,https://google.com,email,none,none
50,10,15,2025-02-28 15:00:00,2025-02-28 15:24:00,direct,facebook,cpc,brand
51,11,16,2025-02-18 17:00:00,2025-02-18 17:07:00,https://partner.com,facebook,cpc,spring_launch
52,11,16,2025-02-23 14:00:00,2025-02-23 14:53:00,https://google.com,email,none,retargeting
53,11,16,2025-02-18 20:00:00,2025-02-18 20:46:00,direct,facebook,organic,retargeting
54,12,17,2025-01-04 21:00:00,2025-01-04 21:41:00,https://facebook.com,email,cpc,none
55,12,17,2025-01-03 18:00:00,2025-01-03 18:32:00,https://google.com,google,referral,spring_launch
56,12,17,2025-02-03 19:00:00,2025-02-03 19:46:00,https://google.com,email,none,spring_launch
57,12,17,2025-01-05 18:00:00,2025-01-05 18:38:00,https://partner.com,none,referral,retargeting
58,12,17,2025-01-08 18:00:00,2025-01-08 18:09:00,https://partner.com,facebook,organic,retargeting
59,13,19,2025-02-14 21:00:00,2025-02-14 21:33:00,https://facebook.com,email,none,none
60,13,19,2025-02-03 15:00:00,2025-02-03 15:31:00,https://google.com,google,organic,none
61,13,19,2025-01-19 15:00:00,2025-01-19 15:32:00,direct,email,none,spring_launch
62,13,19,2025-01-13 18:00:00,2025-01-13 18:49:00,https://google.com,facebook,none,brand
63,14,20,2025-02-01 18:00:00,2025-02-01 18:57:00,https://facebook.com,email,referral,retargeting
64,14,20,2025-02-05 09:00:00,2025-02-05 09:18:00,https://google.com,google,none,brand
65,14,20,2025-01-02 20:00:00,2025-01-02 20:50:00,direct,google,cpc,spring_launch
66,14,20,2025-02-09 09:00:00,2025-02-09 09:28:00,https://google.com,email,none,retargeting
67,14,20,2025-01-19 21:00:00,2025-01-19 21:11:00,https://facebook.com,google,none,retargeting
68,14,20,2025-01-28 19:00:00,2025-01-28 19:19:00,https://facebook.com,google,cpc,retargeting
69,15,22,2025-01-17 19:00:00,2025-01-17 19:26:00,https://facebook.com,facebook,cpc,retargeting
70,15,21,2025-01-26 15:00:00,2025-01-26 15:22:00,https://facebook.com,none,referral,spring_launch
71,15,21,2025-01-12 11:00:00,2025-01-12 11:39:00,https://google.com,none,referral,spring_launch
72,16,23,2025-01-15 10:00:00,2025-01-15 10:15:00,https://facebook.com,email,organic,retargeting
73,17,24,2025-02-24 20:00:00,2025-02-24 20:33:00,direct,none,none,retargeting
74,17,24,2025-02-16 21:00:00,2025-02-16 21:24:00,https://facebook.com,email,referral,brand
75,17,24,2025-01-17 21:00:00,2025-01-17 21:48:00,https://partner.com,none,cpc,spring_launch
76,17,24,2025-02-16 12:00:00,2025-02-16 12:24:00,https://facebook.com,email,cpc,spring_launch
77,18,25,2025-02-18 16:00:00,2025-02-18 16:28:00,https://facebook.com,email,none,none
78,18,26,2025-01-27 15:00:00,2025-01-27 15:50:00,https://google.com,google,cpc,none
79,18,25,2025-01-15 18:00:00,2025-01-15 18:50:00,https://partner.com,email,referral,spring_launch
80,18,25,2025-02-13 12:00:00,2025-02-13 12:28:00,https://facebook.com,email,none,retargeting
81,19,27,2025-01-07 08:00:00,2025-01-07 08:48:00,https://partner.com,none,cpc,retargeting
82,20,29,2025-01-02 15:00:00,2025-01-02 15:12:00,https://partner.com,google,cpc,none
83,20,28,2025-01-21 09:00:00,2025-01-21 09:34:00,https://facebook.com,facebook,referral,brand
84,20,29,2025-02-07 18:00:00,2025-02-07 18:49:00,https://google.com,none,organic,spring_launch
85,21,30,2025-01-17 19:00:00,2025-01-17 19:50:00,https://partner.com,email,none,retargeting
86,21,30,2025-01-22 19:00:00,2025-01-22 19:24:00,https://google.com,facebook,none,none
87,22,31,2025-01-13 11:00:00,2025-01-13 11:30:00,direct,facebook,organic,brand
88,22,32,2025-01-26 21:00:00,2025-01-26 21:54:00,https://facebook.com,facebook,referral,none
89,22,32,2025-02-18 15:00:00,2025-02-18 15:15:00,direct,email,organic,spring_launch
90,22,32,2025-01-06 16:00:00,2025-01-06 16:43:00,https://partner.com,google,organic,none
91,23,33,2025-01-20 11:00:00,2025-01-20 11:10:00,https://facebook.com,facebook,referral,brand
92,23,33,2025-02-10 19:00:00,2025-02-10 19:46:00,direct,facebook,organic,none
93,23,34,2025-01-23 19:00:00,2025-01-23 19:17:00,https://google.com,email,organic,brand
94,23,34,2025-02-24 21:00:00,2025-02-24 21:40:00,https://partner.com,google,referral,spring_launch
95,23,33,2025-02-24 10:00:00,2025-02-24 10:48:00,https://facebook.com,facebook,referral,retargeting
96,24,35,2025-02-20 10:00:00,2025-02-20 10:33:00,https://facebook.com,email,referral,spring_launch
97,24,35,2025-01-07 19:00:00,2025-01-07 19:53:00,https://facebook.com,google,referral,retargeting
98,24,35,2025-01-24 11:00:00,2025-01-24 11:41:00,https://partner.com,none,none,retargeting
99,25,36,2025-02-22 09:00:00,2025-02-22 09:40:00,direct,facebook,none,retargeting
100,25,37,2025-02-08 17:00:00,2025-02-08 17:55:00,https://facebook.com,facebook,cpc,none
101,25,36,2025-01-03 20:00:00,2025-01-03 20:22:00,https://google.com,email,cpc,brand
102,25,36,2025-01-26 15:00:00,2025-01-26 15:40:00,https://facebook.com,email,organic,none
103,26,38,2025-02-10 21:00:00,2025-02-10 21:58:00,https://google.com,email,organic,none
104,26,38,2025-02-08 16:00:00,2025-02-08 16:24:00,direct,facebook,cpc,brand
105,26,38,2025-01-25 16:00:00,2025-01-25 16:32:00,direct,google,cpc,brand
106,27,40,2025-01-10 10:00:00,2025-01-10 10:58:00,https://partner.com,facebook,cpc,retargeting
107,27,41,2025-01-12 21:00:00,2025-01-12 21:45:00,https://google.com,none,none,brand
108,27,40,2025-01-12 08:00:00,2025-01-12 08:58:00,https://partner.com,google,referral,spring_launch
109,27,41,2025-02-16 12:00:00,2025-02-16 12:16:00,https://google.com,google,none,none
110,28,43,2025-01-14 09:00:00,2025-01-14 09:13:00,https://google.com,none,organic,spring_launch
111,28,42,2025-01-01 14:00:00,2025-01-01 14:39:00,https://google.com,google,referral,spring_launch
112,28,42,2025-02-02 08:00:00,2025-02-02 08:55:00,https://partner.com,facebook,none,spring_launch
113,28,42,2025-02-19 15:00:00,2025-02-19 15:47:00,https://facebook.com,google,organic,spring_launch
114,29,44,2025-02-14 11:00:00,2025-02-14 11:20:00,https://facebook.com,facebook,none,brand
115,29,44,2025-01-08 09:00:00,2025-01-08 09:25:00,https://google.com,email,none,spring_launch
116,29,44,2025-02-01 13:00:00,2025-02-01 13:09:00,direct,facebook,referral,retargeting
117,29,44,2025-01-01 14:00:00,2025-01-01 14:59:00,https://facebook.com,email,organic,retargeting
118,29,44,2025-02-19 09:00:00,2025-02-19 09:21:00,https://facebook.com,none,referral,none
119,30,45,2025-01-28 09:00:00,2025-01-28 09:54:00,https://partner.com,facebook,referral,spring_launch
120,30,45,2025-02-02 16:00:00,2025-02-02 16:29:00,https://partner.com,google,cpc,spring_launch
121,30,45,2025-01-13 16:00:00,2025-01-13 16:15:00,https://partner.com,facebook,cpc,retargeting
122,30,45,2025-02-15 11:00:00,2025-02-15 11:42:00,direct,facebook,organic,retargeting
123,30,45,2025-01-13 16:00:00,2025-01-13 16:27:00,direct,google,referral,spring_launch
124,30,45,2025-01-24 21:00:00,2025-01-24 21:58:00,direct,google,cpc,brand
125,30,45,2025-01-01 19:00:00,2025-01-01 19:11:00,direct,google,referral,none
126,30,45,2025-01-29 16:00:00,2025-01-29 16:37:00,https://google.com,none,cpc,brand
127,31,46,2025-02-04 15:00:00,2025-02-04 15:50:00,https://facebook.com,facebook,organic,retargeting
128,32,47,2025-01-05 09:00:00,2025-01-05 09:52:00,https://google.com,email,none,none
129,32,47,2025-01-15 18:00:00,2025-01-15 18:52:00,direct,facebook,organic,retargeting
130,32,47,2025-02-13 18:00:00,2025-02-13 18:47:00,https://google.com,google,referral,brand
131,32,47,2025-02-24 12:00:00,2025-02-24 12:19:00,https://google.com,none,referral,brand
132,32,47,2025-01-15 11:00:00,2025-01-15 11:25:00,https://google.com,facebook,referral,retargeting
133,32,47,2025-01-14 20:00:00,2025-01-14 20:08:00,https://partner.com,google,none,retargeting
134,33,48,2025-02-18 20:00:00,2025-02-18 20:08:00,https://facebook.com,google,organic,brand
135,33,48,2025-01-07 19:00:00,2025-01-07 19:14:00,direct,google,referral,brand
136,33,48,2025-02-25 08:00:00,2025-02-25 08:46:00,https://google.com,facebook,none,none
137,33,48,2025-01-20 11:00:00,2025-01-20 11:58:00,direct,facebook,cpc,none
138,33,48,2025-02-25 20:00:00,2025-02-25 20:46:00,direct,email,cpc,brand
139,34,49,2025-02-26 20:00:00,2025-02-26 20:46:00,https://partner.com,none,cpc,retargeting
140,34,49,2025-01-27 12:00:00,2025-01-27 12:08:00,https://partner.com,email,none,none
141,34,49,2025-02-08 17:00:00,2025-02-08 17:29:00,direct,none,organic,spring_launch
142,34,50,2025-02-24 09:00:00,2025-02-24 09:09:00,https://google.com,email,none,retargeting
143,34,50,2025-02-02 14:00:00,2025-02-02 14:25:00,https://facebook.com,none,cpc,brand
144,35,51,2025-01-13 20:00:00,2025-01-13 20:29:00,https://partner.com,email,referral,spring_launch
145,35,51,2025-01-18 10:00:00,2025-01-18 10:46:00,https://google.com,email,cpc,spring_launch
146,35,51,2025-01-11 14:00:00,2025-01-11 14:28:00,https://facebook.com,email,none,retargeting
147,36,54,2025-02-02 18:00:00,2025-02-02 18:10:00,direct,none,cpc,spring_launch
148,36,53,2025-03-01 09:00:00,2025-03-01 09:09:00,direct,none,cpc,none
149,36,54,2025-02-07 15:00:00,2025-02-07 15:54:00,https://facebook.com,none,cpc,retargeting
150,36,53,2025-01-03 13:00:00,2025-01-03 13:10:00,direct,none,organic,retargeting
151,36,54,2025-01-17 10:00:00,2025-01-17 10:38:00,https://facebook.com,none,none,retargeting
152,36,54,2025-02-13 17:00:00,2025-02-13 17:40:00,https://google.com,google,referral,brand
153,37,55,2025-02-26 14:00:00,2025-02-26 14:20:00,https://google.com,none,none,none
154,37,55,2025-01-20 10:00:00,2025-01-20 10:20:00,https://google.com,email,none,brand
155,38,57,2025-02-08 08:00:00,2025-02-08 08:57:00,https://partner.com,none,organic,none
156,38,57,2025-02-03 20:00:00,2025-02-03 20:18:00,https://partner.com,google,referral,retargeting
157,38,57,2025-02-14 09:00:00,2025-02-14 09:45:00,https://google.com,facebook,referral,spring_launch
158,38,57,2025-01-09 08:00:00,2025-01-09 08:15:00,direct,none,organic,brand
159,38,57,2025-01-26 11:00:00,2025-01-26 11:22:00,direct,facebook,referral,retargeting
160,38,57,2025-02-12 13:00:00,2025-02-12 13:41:00,https://partner.com,facebook,none,brand
161,38,57,2025-02-18 17:00:00,2025-02-18 17:42:00,https://facebook.com,google,referral,retargeting
162,39,58,2025-01-21 10:00:00,2025-01-21 10:06:00,direct,facebook,referral,retargeting
163,39,58,2025-01-14 11:00:00,2025-01-14 11:22:00,https://partner.com,facebook,cpc,retargeting
164,39,58,2025-01-25 20:00:00,2025-01-25 20:58:00,https://google.com,none,referral,retargeting
165,39,58,2025-01-01 21:00:00,2025-01-01 21:20:00,https://facebook.com,facebook,cpc,none
166,39,58,2025-01-03 10:00:00,2025-01-03 10:45:00,https://facebook.com,google,cpc,spring_launch
167,40,59,2025-02-14 19:00:00,2025-02-14 19:16:00,https://partner.com,none,none,spring_launch
168,40,59,2025-01-31 21:00:00,2025-01-31 21:24:00,https://google.com,none,referral,retargeting
169,40,59,2025-02-01 20:00:00,2025-02-01 20:47:00,https://facebook.com,none,referral,brand
170,41,61,2025-01-11 09:00:00,2025-01-11 09:35:00,https://partner.com,email,cpc,brand
171,41,61,2025-01-19 16:00:00,2025-01-19 16:39:00,https://google.com,google,none,retargeting
172,41,61,2025-02-15 10:00:00,2025-02-15 10:11:00,https://partner.com,none,none,spring_launch
173,42,63,2025-02-06 11:00:00,2025-02-06 11:39:00,direct,none,organic,retargeting
174,42,63,2025-01-07 12:00:00,2025-01-07 12:26:00,https://facebook.com,email,organic,retargeting
175,42,62,2025-01-27 12:00:00,2025-01-27 12:58:00,direct,google,organic,brand
176,42,63,2025-02-27 15:00:00,2025-02-27 15:43:00,https://google.com,google,cpc,retargeting
177,42,63,2025-02-19 20:00:00,2025-02-19 20:25:00,https://facebook.com,google,cpc,none
178,42,63,2025-02-05 08:00:00,2025-02-05 08:39:00,https://partner.com,email,referral,spring_launch
179,42,62,2025-02-21 14:00:00,2025-02-21 14:57:00,https://facebook.com,none,organic,none
180,43,65,2025-01-17 15:00:00,2025-01-17 15:13:00,https://google.com,facebook,none,none
181,43,64,2025-01-29 08:00:00,2025-01-29 08:14:00,https://facebook.com,none,none,none
182,43,65,2025-01-21 19:00:00,2025-01-21 19:15:00,https://facebook.com,none,referral,retargeting
183,43,65,2025-01-08 08:00:00,2025-01-08 08:19:00,https://partner.com,email,none,spring_launch
184,43,64,2025-01-19 12:00:00,2025-01-19 12:36:00,https://google.com,email,cpc,none
185,43,65,2025-01-13 15:00:00,2025-01-13 15:27:00,https://google.com,google,referral,none
186,43,65,2025-02-04 15:00:00,2025-02-04 15:21:00,https://partner.com,google,none,retargeting
187,44,66,2025-01-10 13:00:00,2025-01-10 13:51:00,https://partner.com,none,cpc,brand
188,44,67,2025-01-08 15:00:00,2025-01-08 15:29:00,https://facebook.com,email,organic,brand
189,44,66,2025-02-18 11:00:00,2025-02-18 11:08:00,https://google.com,google,cpc,retargeting
190,44,66,2025-02-24 21:00:00,2025-02-24 21:54:00,https://google.com,none,none,brand
191,44,67,2025-02-09 09:00:00,2025-02-09 09:58:00,https://google.com,none,referral,none
192,44,67,2025-02-01 19:00:00,2025-02-01 19:38:00,https://facebook.com,email,cpc,none
193,44,67,2025-01-18 14:00:00,2025-01-18 14:13:00,https://partner.com,email,organic,none
194,44,66,2025-02-27 16:00:00,2025-02-27 16:54:00,https://partner.com,facebook,none,spring_launch
195,44,67,2025-02-13 10:00:00,2025-02-13 10:50:00,https://partner.com,google,referral,retargeting
196,45,69,2025-01-11 13:00:00,2025-01-11 13:26:00,https://google.com,facebook,none,spring_launch
197,45,69,2025-01-13 09:00:00,2025-01-13 09:06:00,https://google.com,email,none,brand
198,45,68,2025-02-19 10:00:00,2025-02-19 10:27:00,https://partner.com,google,organic,brand
199,45,68,2025-02-06 20:00:00,2025-02-06 20:37:00,direct,email,organic,brand
200,45,69,2025-01-23 20:00:00,2025-01-23 20:34:00,https://partner.com,email,cpc,none
201,45,68,2025-02-06 15:00:00,2025-02-06 15:46:00,https://partner.com,none,cpc,none
202,45,68,2025-01-05 10:00:00,2025-01-05 10:05:00,https://partner.com,email,none,none
203,45,69,2025-02-11 09:00:00,2025-02-11 09:47:00,https://facebook.com,google,none,retargeting
204,45,68,2025-02-08 18:00:00,2025-02-08 18:31:00,https://google.com,none,cpc,spring_launch
205,45,68,2025-02-21 11:00:00,2025-02-21 11:26:00,https://facebook.com,facebook,organic,none
206,46,70,2025-02-20 14:00:00,2025-02-20 14:10:00,https://partner.com,email,cpc,retargeting
207,46,70,2025-01-04 20:00:00,2025-01-04 20:08:00,https://partner.com,facebook,none,retargeting
208,46,70,2025-02-04 17:00:00,2025-02-04 17:41:00,https://facebook.com,google,organic,none
209,46,70,2025-02-08 12:00:00,2025-02-08 12:14:00,https://facebook.com,facebook,none,none
210,47,71,2025-01-24 12:00:00,2025-01-24 12:20:00,https://facebook.com,email,none,none
211,47,71,2025-02-25 21:00:00,2025-02-25 21:28:00,https://facebook.com,facebook,organic,brand
212,47,71,2025-01-31 19:00:00,2025-01-31 19:23:00,https://google.com,email,organic,brand
213,47,71,2025-01-22 15:00:00,2025-01-22 15:49:00,https://partner.com,facebook,organic,retargeting
214,48,72,2025-02-18 14:00:00,2025-02-18 14:37:00,https://facebook.com,email,none,spring_launch
215,48,72,2025-02-28 19:00:00,2025-02-28 19:51:00,direct,google,none,retargeting
216,48,72,2025-02-14 08:00:00,2025-02-14 08:21:00,https://facebook.com,none,none,none
217,48,72,2025-02-16 18:00:00,2025-02-16 18:19:00,https://facebook.com,email,organic,none
218,49,74,2025-02-19 10:00:00,2025-02-19 10:17:00,https://google.com,facebook,organic,retargeting
219,49,74,2025-02-14 13:00:00,2025-02-14 13:21:00,https://google.com,email,cpc,brand
220,49,73,2025-02-11 10:00:00,2025-02-11 10:50:00,direct,google,cpc,none
221,49,74,2025-02-06 11:00:00,2025-02-06 11:53:00,https://facebook.com,none,cpc,none
222,50,76,2025-02-08 14:00:00,2025-02-08 14:54:00,https://google.com,none,cpc,none
223,51,78,2025-01-31 11:00:00,2025-01-31 11:28:00,https://partner.com,google,organic,none
224,51,77,2025-02-13 17:00:00,2025-02-13 17:34:00,https://partner.com,email,referral,brand
225,51,77,2025-01-28 21:00:00,2025-01-28 21:14:00,https://partner.com,facebook,referral,retargeting
226,52,80,2025-01-18 17:00:00,2025-01-18 17:47:00,https://google.com,none,organic,spring_launch
227,52,80,2025-01-27 14:00:00,2025-01-27 14:10:00,direct,facebook,none,none
228,52,80,2025-01-11 11:00:00,2025-01-11 11:28:00,https://partner.com,email,cpc,retargeting
229,52,80,2025-01-26 19:00:00,2025-01-26 19:18:00,https://google.com,facebook,cpc,retargeting
230,53,81,2025-02-20 16:00:00,2025-02-20 16:25:00,https://partner.com,none,cpc,spring_launch
231,53,81,2025-02-10 08:00:00,2025-02-10 08:54:00,https://google.com,none,referral,retargeting
232,53,81,2025-02-26 14:00:00,2025-02-26 14:26:00,direct,google,cpc,none
233,54,82,2025-01-22 08:00:00,2025-01-22 08:21:00,https://facebook.com,facebook,organic,retargeting
234,54,82,2025-02-03 08:00:00,2025-02-03 08:14:00,https://google.com,google,organic,retargeting
235,54,82,2025-02-17 16:00:00,2025-02-17 16:06:00,https://facebook.com,facebook,none,none
236,55,83,2025-02-28 17:00:00,2025-02-28 17:39:00,https://partner.com,email,referral,spring_launch
237,55,83,2025-02-01 14:00:00,2025-02-01 14:25:00,https://partner.com,facebook,referral,none
238,55,83,2025-02-15 11:00:00,2025-02-15 11:26:00,direct,none,none,spring_launch
239,55,83,2025-01-15 13:00:00,2025-01-15 13:56:00,https://partner.com,facebook,referral,spring_launch
240,56,84,2025-01-25 15:00:00,2025-01-25 15:07:00,https://partner.com,google,organic,none
241,56,84,2025-02-04 13:00:00,2025-02-04 13:43:00,direct,google,referral,retargeting
242,56,85,2025-02-12 10:00:00,2025-02-12 10:09:00,direct,none,none,retargeting
243,57,86,2025-01-08 14:00:00,2025-01-08 14:13:00,direct,email,none,retargeting
244,57,86,2025-02-09 09:00:00,2025-02-09 09:46:00,https://partner.com,none,organic,none
245,57,86,2025-01-02 14:00:00,2025-01-02 14:20:00,direct,google,referral,brand
246,58,87,2025-01-08 12:00:00,2025-01-08 12:36:00,https://partner.com,none,referral,spring_launch
247,58,87,2025-01-04 21:00:00,2025-01-04 21:10:00,https://facebook.com,facebook,referral,none
248,58,87,2025-01-09 19:00:00,2025-01-09 19:15:00,https://facebook.com,email,none,spring_launch
249,59,88,2025-02-24 18:00:00,2025-02-24 18:09:00,https://google.com,email,cpc,none
250,59,88,2025-01-25 11:00:00,2025-01-25 11:38:00,https://facebook.com,facebook,organic,spring_launch
251,59,88,2025-02-04 20:00:00,2025-02-04 20:32:00,https://google.com,google,none,retargeting
252,59,88,2025-02-19 13:00:00,2025-02-19 13:23:00,https://partner.com,none,cpc,brand
253,59,88,2025-01-02 19:00:00,2025-01-02 19:48:00,https://google.com,google,none,retargeting
254,59,88,2025-01-22 10:00:00,2025-01-22 10:16:00,https://partner.com,facebook,organic,none
255,60,90,2025-02-21 09:00:00,2025-02-21 09:45:00,direct,facebook,organic,brand
256,60,89,2025-02-26 14:00:00,2025-02-26 14:52:00,https://facebook.com,google,cpc,none
257,60,90,2025-01-11 21:00:00,2025-01-11 21:19:00,direct,google,none,spring_launch
258,61,91,2025-02-08 13:00:00,2025-02-08 13:13:00,https://partner.com,google,none,brand
259,61,91,2025-01-23 10:00:00,2025-01-23 10:08:00,https://google.com,email,organic,brand
260,61,92,2025-01-21 10:00:00,2025-01-21 10:57:00,https://facebook.com,none,organic,none
261,62,93,2025-02-25 21:00:00,2025-02-25 21:42:00,https://partner.com,google,none,retargeting
262,62,94,2025-02-04 10:00:00,2025-02-04 10:34:00,https://facebook.com,email,none,spring_launch
263,62,93,2025-01-25 15:00:00,2025-01-25 15:28:00,https://facebook.com,facebook,referral,retargeting
264,62,93,2025-02-17 16:00:00,2025-02-17 16:23:00,direct,email,organic,brand
265,62,94,2025-01-09 19:00:00,2025-01-09 19:24:00,direct,facebook,referral,spring_launch
266,62,94,2025-02-28 19:00:00,2025-02-28 19:59:00,https://partner.com,email,referral,none
267,62,94,2025-01-14 15:00:00,2025-01-14 15:42:00,https://google.com,none,none,spring_launch
268,62,93,2025-01-30 16:00:00,2025-01-30 16:37:00,https://partner.com,google,organic,brand
269,63,95,2025-01-14 21:00:00,2025-01-14 21:45:00,direct,none,none,none
270,64,97,2025-01-12 10:00:00,2025-01-12 10:15:00,https://facebook.com,facebook,cpc,brand
271,64,97,2025-01-21 12:00:00,2025-01-21 12:52:00,https://google.com,email,none,spring_launch
272,64,98,2025-02-22 20:00:00,2025-02-22 20:13:00,https://google.com,none,referral,spring_launch
273,64,98,2025-02-03 15:00:00,2025-02-03 15:36:00,https://partner.com,google,referral,brand
274,64,97,2025-02-09 19:00:00,2025-02-09 19:58:00,https://facebook.com,email,referral,spring_launch
275,64,98,2025-01-19 17:00:00,2025-01-19 17:56:00,https://facebook.com,none,cpc,brand
276,64,98,2025-02-07 11:00:00,2025-02-07 11:33:00,https://partner.com,email,referral,none
277,65,100,2025-01-02 15:00:00,2025-01-02 15:38:00,direct,google,cpc,none
278,65,99,2025-01-23 13:00:00,2025-01-23 13:10:00,https://google.com,facebook,cpc,spring_launch
279,65,100,2025-01-12 13:00:00,2025-01-12 13:30:00,https://partner.com,email,none,retargeting
280,66,101,2025-02-25 08:00:00,2025-02-25 08:17:00,https://google.com,facebook,cpc,retargeting
281,66,101,2025-02-18 21:00:00,2025-02-18 21:12:00,direct,none,none,spring_launch
282,66,101,2025-01-26 14:00:00,2025-01-26 14:25:00,https://google.com,google,none,retargeting
283,66,101,2025-02-11 18:00:00,2025-02-11 18:58:00,https://facebook.com,google,cpc,none
284,66,101,2025-02-06 08:00:00,2025-02-06 08:45:00,https://google.com,none,cpc,brand
285,67,102,2025-01-11 21:00:00,2025-01-11 21:23:00,direct,google,referral,retargeting
286,67,102,2025-02-14 08:00:00,2025-02-14 08:44:00,https://partner.com,email,none,none
287,68,103,2025-01-27 21:00:00,2025-01-27 21:27:00,https://google.com,email,referral,spring_launch
288,68,103,2025-02-16 11:00:00,2025-02-16 11:22:00,https://facebook.com,none,organic,spring_launch
289,68,104,2025-02-05 09:00:00,2025-02-05 09:41:00,direct,none,none,none
290,68,103,2025-02-18 08:00:00,2025-02-18 08:16:00,direct,email,cpc,brand
291,68,103,2025-01-02 20:00:00,2025-01-02 20:45:00,https://facebook.com,email,referral,spring_launch
292,68,104,2025-01-10 21:00:00,2025-01-10 21:22:00,https://facebook.com,google,cpc,brand
293,68,103,2025-01-28 10:00:00,2025-01-28 10:24:00,direct,google,organic,spring_launch
294,69,106,2025-01-17 16:00:00,2025-01-17 16:16:00,direct,google,referral,spring_launch
295,69,106,2025-01-15 17:00:00,2025-01-15 17:41:00,https://facebook.com,google,referral,brand
296,70,107,2025-02-12 09:00:00,2025-02-12 09:40:00,direct,google,referral,spring_launch
297,70,107,2025-02-22 13:00:00,2025-02-22 13:34:00,https://partner.com,none,organic,none
298,70,107,2025-01-03 10:00:00,2025-01-03 10:32:00,https://partner.com,email,cpc,brand
299,71,108,2025-02-28 16:00:00,2025-02-28 16:58:00,https://partner.com,google,none,brand
300,71,109,2025-02-03 15:00:00,2025-02-03 15:32:00,direct,none,cpc,none
301,72,110,2025-02-16 18:00:00,2025-02-16 18:15:00,https://google.com,google,organic,none
302,72,110,2025-01-05 15:00:00,2025-01-05 15:38:00,https://partner.com,none,none,none
303,72,110,2025-02-07 08:00:00,2025-02-07 08:35:00,https://partner.com,google,cpc,retargeting
304,72,110,2025-01-05 21:00:00,2025-01-05 21:28:00,direct,email,referral,spring_launch
305,72,110,2025-01-04 17:00:00,2025-01-04 17:31:00,https://facebook.com,facebook,referral,none
306,73,111,2025-02-22 21:00:00,2025-02-22 21:46:00,https://google.com,facebook,cpc,spring_launch
307,73,111,2025-02-11 19:00:00,2025-02-11 19:41:00,direct,email,organic,none
308,73,111,2025-01-18 19:00:00,2025-01-18 19:13:00,https://google.com,google,cpc,brand
309,74,113,2025-02-18 20:00:00,2025-02-18 20:38:00,https://facebook.com,google,referral,brand
310,74,112,2025-02-20 10:00:00,2025-02-20 10:46:00,https://partner.com,google,referral,retargeting
311,74,113,2025-02-18 12:00:00,2025-02-18 12:50:00,https://partner.com,google,none,brand
312,74,113,2025-02-08 11:00:00,2025-02-08 11:55:00,https://partner.com,email,none,spring_launch
313,74,112,2025-02-04 20:00:00,2025-02-04 20:51:00,direct,none,referral,spring_launch
314,75,115,2025-01-28 12:00:00,2025-01-28 12:21:00,https://partner.com,facebook,referral,brand
315,75,115,2025-01-27 12:00:00,2025-01-27 12:38:00,https://facebook.com,google,referral,none
316,75,115,2025-02-23 12:00:00,2025-02-23 12:58:00,direct,none,cpc,spring_launch
317,75,114,2025-02-25 11:00:00,2025-02-25 11:45:00,https://facebook.com,none,organic,spring_launch
318,75,114,2025-02-20 10:00:00,2025-02-20 10:30:00,https://partner.com,none,none,none
319,75,114,2025-01-06 14:00:00,2025-01-06 14:40:00,direct,google,organic,none
320,76,116,2025-02-16 11:00:00,2025-02-16 11:11:00,https://google.com,email,none,brand
321,76,116,2025-01-09 15:00:00,2025-01-09 15:56:00,https://google.com,google,cpc,spring_launch
322,76,116,2025-02-02 15:00:00,2025-02-02 15:23:00,direct,facebook,referral,brand
323,76,116,2025-01-05 20:00:00,2025-01-05 20:51:00,https://facebook.com,google,referral,brand
324,76,116,2025-01-16 09:00:00,2025-01-16 09:36:00,https://facebook.com,google,organic,brand
325,76,116,2025-01-03 13:00:00,2025-01-03 13:14:00,https://facebook.com,none,organic,spring_launch
326,76,116,2025-01-16 19:00:00,2025-01-16 19:06:00,https://google.com,none,referral,none
327,77,117,2025-01-30 14:00:00,2025-01-30 14:07:00,https://google.com,none,cpc,spring_launch
328,77,117,2025-01-01 12:00:00,2025-01-01 12:17:00,https://partner.com,none,cpc,none
329,77,117,2025-01-09 08:00:00,2025-01-09 08:40:00,direct,facebook,referral,none
330,77,117,2025-01-23 16:00:00,2025-01-23 16:38:00,https://facebook.com,facebook,none,none
331,77,117,2025-01-30 13:00:00,2025-01-30 13:15:00,direct,none,referral,retargeting
332,78,118,2025-02-09 08:00:00,2025-02-09 08:59:00,https://facebook.com,none,none,retargeting
333,78,118,2025-03-01 09:00:00,2025-03-01 09:06:00,https://google.com,none,referral,brand
334,78,119,2025-03-01 09:00:00,2025-03-01 09:43:00,https://partner.com,email,organic,none
335,78,119,2025-02-24 18:00:00,2025-02-24 18:58:00,direct,google,referral,spring_launch
336,78,119,2025-01-17 16:00:00,2025-01-17 16:34:00,https://google.com,google,referral,spring_launch
337,79,120,2025-02-05 15:00:00,2025-02-05 15:58:00,https://partner.com,none,none,retargeting
338,79,120,2025-01-14 09:00:00,2025-01-14 09:32:00,https://facebook.com,none,cpc,none
339,79,120,2025-01-15 13:00:00,2025-01-15 13:34:00,direct,none,cpc,brand
340,79,120,2025-01-23 15:00:00,2025-01-23 15:22:00,https://partner.com,email,referral,retargeting
341,79,120,2025-02-03 09:00:00,2025-02-03 09:38:00,direct,email,cpc,none
342,80,121,2025-01-29 17:00:00,2025-01-29 17:22:00,https://partner.com,facebook,organic,spring_launch
343,80,121,2025-01-23 15:00:00,2025-01-23 15:54:00,https://partner.com,google,organic,spring_launch
344,81,122,2025-01-09 18:00:00,2025-01-09 18:38:00,https://partner.com,none,organic,brand
345,81,123,2025-02-20 20:00:00,2025-02-20 20:23:00,https://facebook.com,none,none,none
346,81,122,2025-02-20 12:00:00,2025-02-20 12:21:00,direct,facebook,cpc,spring_launch
347,81,122,2025-03-01 18:00:00,2025-03-01 18:29:00,direct,facebook,referral,brand
348,82,124,2025-01-11 08:00:00,2025-01-11 08:08:00,direct,google,organic,spring_launch
349,82,124,2025-01-21 11:00:00,2025-01-21 11:23:00,direct,none,cpc,retargeting
350,82,124,2025-01-17 12:00:00,2025-01-17 12:58:00,https://partner.com,email,none,none
351,83,125,2025-02-13 16:00:00,2025-02-13 16:11:00,https://google.com,google,organic,spring_launch
352,83,125,2025-01-13 11:00:00,2025-01-13 11:35:00,https://facebook.com,none,cpc,spring_launch
353,83,125,2025-02-07 18:00:00,2025-02-07 18:58:00,https://partner.com,facebook,cpc,none
354,84,127,2025-01-07 11:00:00,2025-01-07 11:22:00,https://partner.com,facebook,none,none
355,84,126,2025-01-21 19:00:00,2025-01-21 19:44:00,https://facebook.com,google,none,spring_launch
356,84,127,2025-03-01 18:00:00,2025-03-01 18:39:00,https://google.com,google,organic,retargeting
357,85,128,2025-02-06 13:00:00,2025-02-06 13:28:00,https://facebook.com,facebook,cpc,none
358,85,128,2025-01-14 17:00:00,2025-01-14 17:39:00,https://google.com,email,referral,retargeting
359,85,128,2025-01-17 19:00:00,2025-01-17 19:58:00,https://partner.com,none,cpc,brand
360,86,129,2025-01-01 11:00:00,2025-01-01 11:59:00,https://partner.com,none,referral,spring_launch
361,86,129,2025-02-09 19:00:00,2025-02-09 19:16:00,direct,facebook,cpc,retargeting
362,87,130,2025-02-22 16:00:00,2025-02-22 16:37:00,direct,facebook,referral,none
363,87,130,2025-02-26 21:00:00,2025-02-26 21:16:00,https://partner.com,none,referral,spring_launch
364,87,130,2025-02-05 20:00:00,2025-02-05 20:11:00,https://partner.com,email,referral,spring_launch
365,87,130,2025-02-01 18:00:00,2025-02-01 18:12:00,https://google.com,email,cpc,none
366,88,131,2025-02-10 20:00:00,2025-02-10 20:38:00,https://partner.com,google,referral,none
367,88,131,2025-01-23 19:00:00,2025-01-23 19:30:00,https://facebook.com,none,cpc,brand
368,88,131,2025-01-05 15:00:00,2025-01-05 15:36:00,https://facebook.com,email,referral,none
369,89,133,2025-02-13 14:00:00,2025-02-13 14:46:00,https://google.com,facebook,cpc,retargeting
370,89,133,2025-02-28 20:00:00,2025-02-28 20:23:00,direct,google,cpc,none
371,90,134,2025-02-21 13:00:00,2025-02-21 13:28:00,https://partner.com,google,referral,brand
372,90,134,2025-02-10 21:00:00,2025-02-10 21:54:00,https://google.com,facebook,cpc,none
373,90,134,2025-02-21 16:00:00,2025-02-21 16:15:00,https://facebook.com,google,organic,retargeting
374,90,134,2025-01-27 09:00:00,2025-01-27 09:19:00,https://google.com,facebook,cpc,retargeting
375,91,136,2025-01-18 21:00:00,2025-01-18 21:14:00,https://google.com,email,organic,brand
376,91,136,2025-01-30 13:00:00,2025-01-30 13:33:00,https://partner.com,google,referral,none
377,92,139,2025-01-26 21:00:00,2025-01-26 21:16:00,https://google.com,google,organic,brand
378,92,138,2025-01-23 14:00:00,2025-01-23 14:42:00,https://facebook.com,facebook,organic,none
379,92,139,2025-02-13 10:00:00,2025-02-13 10:33:00,https://google.com,facebook,cpc,brand
380,92,138,2025-02-12 12:00:00,2025-02-12 12:20:00,https://facebook.com,email,none,spring_launch
381,92,138,2025-02-11 15:00:00,2025-02-11 15:34:00,https://partner.com,email,organic,spring_launch
382,92,139,2025-02-12 14:00:00,2025-02-12 14:21:00,https://partner.com,none,organic,retargeting
383,92,139,2025-01-29 13:00:00,2025-01-29 13:48:00,https://google.com,facebook,none,spring_launch
384,92,139,2025-01-28 19:00:00,2025-01-28 19:46:00,direct,google,none,retargeting
385,92,139,2025-03-01 15:00:00,2025-03-01 15:06:00,https://partner.com,none,referral,retargeting
386,93,140,2025-01-03 19:00:00,2025-01-03 19:17:00,https://google.com,facebook,none,spring_launch
387,94,141,2025-01-03 11:00:00,2025-01-03 11:24:00,https://google.com,facebook,referral,brand
388,94,141,2025-02-18 14:00:00,2025-02-18 14:31:00,https://facebook.com,facebook,cpc,retargeting
389,94,141,2025-02-14 11:00:00,2025-02-14 11:33:00,https://partner.com,google,referral,retargeting
390,94,141,2025-01-04 08:00:00,2025-01-04 08:54:00,https://google.com,facebook,organic,spring_launch
391,94,141,2025-01-20 11:00:00,2025-01-20 11:27:00,https://facebook.com,email,referral,spring_launch
392,95,142,2025-01-17 13:00:00,2025-01-17 13:38:00,https://partner.com,google,cpc,spring_launch
393,96,143,2025-01-07 14:00:00,2025-01-07 14:11:00,https://partner.com,google,cpc,retargeting
394,96,143,2025-01-04 14:00:00,2025-01-04 14:46:00,direct,facebook,none,spring_launch
395,96,143,2025-01-29 15:00:00,2025-01-29 15:45:00,direct,none,referral,retargeting
396,96,143,2025-01-28 21:00:00,2025-01-28 21:31:00,https://facebook.com,email,referral,spring_launch
397,96,143,2025-01-01 10:00:00,2025-01-01 10:51:00,direct,none,referral,spring_launch
398,96,143,2025-02-05 09:00:00,2025-02-05 09:33:00,https://partner.com,facebook,none,brand
399,97,146,2025-02-21 14:00:00,2025-02-21 14:49:00,direct,facebook,cpc,retargeting
400,97,145,2025-02-10 16:00:00,2025-02-10 16:58:00,https://google.com,google,organic,none
401,98,147,2025-02-20 13:00:00,2025-02-20 13:51:00,https://partner.com,none,organic,brand
402,98,148,2025-02-05 16:00:00,2025-02-05 16:09:00,direct,facebook,organic,retargeting
403,98,148,2025-02-06 16:00:00,2025-02-06 16:52:00,direct,facebook,cpc,retargeting
404,99,149,2025-01-08 08:00:00,2025-01-08 08:20:00,direct,email,referral,retargeting
405,99,149,2025-01-10 18:00:00,2025-01-10 18:38:00,direct,facebook,cpc,spring_launch
406,99,149,2025-01-11 17:00:00,2025-01-11 17:26:00,https://google.com,google,none,none
407,99,149,2025-02-21 16:00:00,2025-02-21 16:25:00,https://google.com,facebook,cpc,spring_launch
408,99,149,2025-01-25 10:00:00,2025-01-25 10:40:00,https://google.com,google,referral,none
409,100,150,2025-01-06 08:00:00,2025-01-06 08:51:00,direct,facebook,referral,spring_launch
410,100,150,2025-02-26 08:00:00,2025-02-26 08:38:00,direct,google,cpc,spring_launch
411,101,151,2025-01-03 17:00:00,2025-01-03 17:19:00,https://partner.com,none,none,none
412,101,151,2025-01-04 09:00:00,2025-01-04 09:53:00,direct,email,none,brand
413,101,151,2025-02-09 21:00:00,2025-02-09 21:37:00,https://facebook.com,facebook,cpc,brand
414,101,151,2025-01-04 15:00:00,2025-01-04 15:33:00,direct,facebook,cpc,spring_launch
415,101,151,2025-02-18 15:00:00,2025-02-18 15:23:00,https://google.com,google,cpc,brand
416,101,151,2025-01-16 13:00:00,2025-01-16 13:44:00,https://google.com,none,none,retargeting
417,101,151,2025-02-04 10:00:00,2025-02-04 10:16:00,https://partner.com,email,referral,retargeting
418,101,151,2025-01-25 11:00:00,2025-01-25 11:35:00,https://partner.com,none,referral,retargeting
419,102,152,2025-01-16 15:00:00,2025-01-16 15:37:00,https://google.com,none,organic,spring_launch
420,102,152,2025-01-11 12:00:00,2025-01-11 12:31:00,https://partner.com,google,organic,spring_launch
421,102,152,2025-01-05 16:00:00,2025-01-05 16:32:00,https://facebook.com,google,organic,none
422,102,152,2025-02-28 08:00:00,2025-02-28 08:54:00,https://partner.com,google,referral,retargeting
423,102,152,2025-01-05 18:00:00,2025-01-05 18:06:00,https://facebook.com,email,referral,none
424,102,152,2025-02-02 20:00:00,2025-02-02 20:24:00,https://facebook.com,email,referral,brand
425,102,152,2025-01-14 14:00:00,2025-01-14 14:23:00,https://partner.com,facebook,cpc,none
426,102,152,2025-01-20 20:00:00,2025-01-20 20:28:00,https://facebook.com,email,organic,spring_launch
427,103,153,2025-01-06 17:00:00,2025-01-06 17:09:00,https://facebook.com,google,cpc,retargeting
428,103,154,2025-01-26 11:00:00,2025-01-26 11:45:00,direct,google,none,brand
429,103,153,2025-02-28 10:00:00,2025-02-28 10:14:00,https://google.com,email,none,retargeting
430,104,156,2025-01-29 13:00:00,2025-01-29 13:24:00,https://google.com,facebook,none,none
431,104,156,2025-01-19 11:00:00,2025-01-19 11:39:00,https://facebook.com,facebook,cpc,retargeting
432,104,156,2025-01-22 10:00:00,2025-01-22 10:10:00,direct,facebook,cpc,spring_launch
433,104,156,2025-02-01 13:00:00,2025-02-01 13:45:00,https://partner.com,email,none,retargeting
434,105,158,2025-01-15 18:00:00,2025-01-15 18:26:00,https://partner.com,google,referral,none
435,105,157,2025-01-22 11:00:00,2025-01-22 11:38:00,https://google.com,google,none,spring_launch
436,105,158,2025-02-18 20:00:00,2025-02-18 20:08:00,https://google.com,google,none,brand
437,106,159,2025-02-19 18:00:00,2025-02-19 18:58:00,direct,none,referral,spring_launch
438,106,160,2025-01-25 19:00:00,2025-01-25 19:51:00,https://partner.com,google,referral,spring_launch
439,106,159,2025-01-27 17:00:00,2025-01-27 17:23:00,https://partner.com,google,referral,spring_launch
440,106,159,2025-02-10 17:00:00,2025-02-10 17:54:00,https://google.com,none,referral,spring_launch
441,106,159,2025-02-22 14:00:00,2025-02-22 14:51:00,https://partner.com,email,none,brand
442,106,160,2025-02-02 16:00:00,2025-02-02 16:50:00,direct,none,organic,none
443,107,161,2025-01-30 14:00:00,2025-01-30 14:14:00,https://facebook.com,email,referral,none
444,107,162,2025-02-28 20:00:00,2025-02-28 20:50:00,https://facebook.com,facebook,cpc,brand
445,107,161,2025-02-25 18:00:00,2025-02-25 18:50:00,direct,facebook,organic,spring_launch
446,107,162,2025-01-09 20:00:00,2025-01-09 20:10:00,https://google.com,email,cpc,none
447,108,163,2025-03-01 13:00:00,2025-03-01 13:44:00,https://partner.com,facebook,none,brand
448,108,163,2025-02-06 19:00:00,2025-02-06 19:22:00,https://facebook.com,email,organic,none
449,108,163,2025-01-11 17:00:00,2025-01-11 17:17:00,https://partner.com,facebook,none,brand
450,108,163,2025-02-12 13:00:00,2025-02-12 13:28:00,https://partner.com,none,referral,spring_launch
451,108,163,2025-02-24 10:00:00,2025-02-24 10:18:00,https://facebook.com,facebook,cpc,spring_launch
452,108,163,2025-02-07 13:00:00,2025-02-07 13:25:00,https://partner.com,google,cpc,spring_launch
453,109,164,2025-01-05 08:00:00,2025-01-05 08:08:00,https://partner.com,email,none,retargeting
454,109,165,2025-01-23 16:00:00,2025-01-23 16:25:00,direct,facebook,none,none
455,109,164,2025-01-25 20:00:00,2025-01-25 20:59:00,https://partner.com,email,none,spring_launch
456,109,165,2025-02-05 21:00:00,2025-02-05 21:46:00,https://facebook.com,facebook,referral,none
457,109,165,2025-02-02 08:00:00,2025-02-02 08:25:00,https://google.com,facebook,referral,spring_launch
458,110,167,2025-01-22 16:00:00,2025-01-22 16:33:00,https://google.com,email,cpc,none
459,110,166,2025-02-15 11:00:00,2025-02-15 11:51:00,direct,google,cpc,brand
460,110,167,2025-02-09 12:00:00,2025-02-09 12:06:00,https://facebook.com,none,organic,retargeting
461,110,166,2025-01-22 13:00:00,2025-01-22 13:37:00,https://google.com,facebook,referral,none
462,110,166,2025-02-11 10:00:00,2025-02-11 10:18:00,https://facebook.com,email,none,brand
463,110,166,2025-02-05 09:00:00,2025-02-05 09:13:00,https://partner.com,email,organic,brand
464,110,166,2025-02-24 13:00:00,2025-02-24 13:23:00,direct,facebook,none,none
465,111,168,2025-01-01 20:00:00,2025-01-01 20:54:00,https://facebook.com,email,cpc,retargeting
466,111,168,2025-01-01 09:00:00,2025-01-01 09:33:00,https://partner.com,email,cpc,none
467,111,168,2025-02-18 12:00:00,2025-02-18 12:33:00,direct,none,none,retargeting
468,111,168,2025-01-17 14:00:00,2025-01-17 14:17:00,https://google.com,facebook,cpc,brand
469,111,168,2025-01-07 17:00:00,2025-01-07 17:53:00,direct,google,cpc,spring_launch
470,111,168,2025-01-17 18:00:00,2025-01-17 18:29:00,direct,google,referral,brand
471,112,169,2025-02-13 10:00:00,2025-02-13 10:58:00,https://google.com,email,organic,spring_launch
472,112,169,2025-01-19 10:00:00,2025-01-19 10:06:00,https://google.com,google,referral,brand
473,112,169,2025-01-11 12:00:00,2025-01-11 12:50:00,https://facebook.com,google,none,retargeting
474,112,169,2025-02-20 09:00:00,2025-02-20 09:36:00,https://partner.com,facebook,organic,none
475,112,169,2025-02-16 16:00:00,2025-02-16 16:44:00,https://partner.com,email,none,none
476,112,169,2025-02-26 08:00:00,2025-02-26 08:49:00,https://facebook.com,facebook,cpc,spring_launch
477,112,169,2025-02-23 11:00:00,2025-02-23 11:33:00,direct,facebook,cpc,brand
478,112,169,2025-01-19 10:00:00,2025-01-19 10:58:00,https://facebook.com,none,none,brand
479,112,169,2025-02-24 21:00:00,2025-02-24 21:08:00,direct,none,none,brand
480,113,171,2025-02-12 09:00:00,2025-02-12 09:53:00,https://partner.com,email,none,retargeting
481,113,170,2025-02-25 16:00:00,2025-02-25 16:40:00,https://google.com,facebook,organic,spring_launch
482,114,173,2025-01-19 19:00:00,2025-01-19 19:33:00,direct,none,cpc,brand
483,114,172,2025-01-28 13:00:00,2025-01-28 13:33:00,https://google.com,none,referral,brand
484,114,172,2025-01-03 12:00:00,2025-01-03 12:30:00,https://facebook.com,google,cpc,retargeting
485,114,173,2025-02-11 19:00:00,2025-02-11 19:46:00,https://google.com,email,organic,none
486,115,174,2025-02-28 09:00:00,2025-02-28 09:34:00,https://facebook.com,none,organic,none
487,115,174,2025-01-11 08:00:00,2025-01-11 08:30:00,https://facebook.com,facebook,none,brand
488,116,175,2025-01-01 21:00:00,2025-01-01 21:49:00,https://partner.com,google,organic,retargeting
489,116,176,2025-01-13 18:00:00,2025-01-13 18:40:00,https://facebook.com,facebook,referral,spring_launch
490,116,176,2025-01-15 11:00:00,2025-01-15 11:36:00,direct,facebook,none,none
491,116,175,2025-02-27 12:00:00,2025-02-27 12:24:00,https://google.com,none,none,spring_launch
492,116,176,2025-02-06 13:00:00,2025-02-06 13:10:00,https://google.com,none,referral,brand
493,116,175,2025-01-05 19:00:00,2025-01-05 19:50:00,https://partner.com,facebook,cpc,none
494,116,176,2025-02-15 18:00:00,2025-02-15 18:44:00,https://google.com,email,none,spring_launch
495,117,177,2025-02-17 18:00:00,2025-02-17 18:24:00,https://partner.com,email,cpc,brand
496,117,177,2025-01-27 20:00:00,2025-01-27 20:14:00,direct,google,referral,brand
497,117,177,2025-01-31 20:00:00,2025-01-31 20:17:00,https://google.com,email,none,brand
498,117,177,2025-02-28 12:00:00,2025-02-28 12:55:00,https://facebook.com,email,organic,brand
499,118,178,2025-01-31 21:00:00,2025-01-31 21:28:00,https://google.com,none,none,none
500,118,179,2025-02-24 18:00:00,2025-02-24 18:39:00,https://partner.com,google,cpc,spring_launch
501,119,181,2025-01-19 14:00:00,2025-01-19 14:28:00,https://facebook.com,facebook,referral,none
502,119,181,2025-01-05 18:00:00,2025-01-05 18:09:00,https://google.com,none,organic,none
503,119,180,2025-02-23 08:00:00,2025-02-23 08:46:00,https://facebook.com,google,organic,brand
504,119,181,2025-02-01 18:00:00,2025-02-01 18:22:00,direct,facebook,organic,none
505,119,180,2025-01-23 18:00:00,2025-01-23 18:25:00,https://google.com,email,cpc,brand
506,119,180,2025-01-25 16:00:00,2025-01-25 16:58:00,https://facebook.com,email,cpc,none
507,119,181,2025-01-07 11:00:00,2025-01-07 11:05:00,https://partner.com,none,organic,retargeting
508,120,182,2025-02-19 08:00:00,2025-02-19 08:59:00,direct,email,referral,none
509,120,182,2025-02-09 13:00:00,2025-02-09 13:24:00,https://facebook.com,facebook,referral,none
510,120,182,2025-02-25 17:00:00,2025-02-25 17:34:00,https://google.com,google,organic,spring_launch
511,121,183,2025-02-12 13:00:00,2025-02-12 13:24:00,https://partner.com,google,none,retargeting
512,121,183,2025-01-30 08:00:00,2025-01-30 08:24:00,https://partner.com,email,none,retargeting
513,121,183,2025-02-12 14:00:00,2025-02-12 14:20:00,https://google.com,email,referral,none
514,121,183,2025-02-17 18:00:00,2025-02-17 18:57:00,direct,none,none,brand
515,122,184,2025-01-17 14:00:00,2025-01-17 14:12:00,direct,email,cpc,retargeting
516,122,184,2025-02-15 11:00:00,2025-02-15 11:43:00,https://google.com,email,none,spring_launch
517,123,185,2025-02-28 11:00:00,2025-02-28 11:54:00,https://partner.com,facebook,none,none
518,123,186,2025-01-15 12:00:00,2025-01-15 12:24:00,https://google.com,facebook,cpc,none
519,123,185,2025-01-08 15:00:00,2025-01-08 15:48:00,direct,none,referral,retargeting
520,123,185,2025-01-08 20:00:00,2025-01-08 20:34:00,https://partner.com,facebook,referral,none
521,123,185,2025-02-18 11:00:00,2025-02-18 11:17:00,https://partner.com,google,organic,retargeting
522,123,186,2025-01-04 09:00:00,2025-01-04 09:42:00,https://partner.com,email,none,brand
523,124,187,2025-02-07 17:00:00,2025-02-07 17:44:00,https://facebook.com,none,referral,none
524,124,188,2025-02-17 19:00:00,2025-02-17 19:27:00,https://google.com,email,referral,brand
525,124,187,2025-02-11 16:00:00,2025-02-11 16:59:00,https://google.com,none,organic,spring_launch
526,124,187,2025-01-22 20:00:00,2025-01-22 20:29:00,https://facebook.com,email,none,none
527,125,190,2025-02-24 14:00:00,2025-02-24 14:17:00,https://partner.com,google,none,none
528,125,189,2025-01-26 18:00:00,2025-01-26 18:25:00,https://google.com,none,cpc,brand
529,126,191,2025-02-08 11:00:00,2025-02-08 11:29:00,https://facebook.com,none,cpc,spring_launch
530,126,191,2025-01-17 08:00:00,2025-01-17 08:41:00,direct,google,cpc,none
531,126,191,2025-01-26 21:00:00,2025-01-26 21:35:00,https://partner.com,none,referral,none
532,126,192,2025-01-25 20:00:00,2025-01-25 20:36:00,https://facebook.com,email,organic,none
533,126,192,2025-01-28 12:00:00,2025-01-28 12:34:00,https://partner.com,email,cpc,retargeting
534,127,194,2025-01-14 10:00:00,2025-01-14 10:14:00,https://partner.com,email,none,spring_launch
535,127,193,2025-02-28 20:00:00,2025-02-28 20:09:00,https://partner.com,google,referral,spring_launch
536,127,193,2025-01-31 21:00:00,2025-01-31 21:25:00,https://partner.com,email,referral,retargeting
537,127,194,2025-01-04 20:00:00,2025-01-04 20:49:00,https://facebook.com,facebook,cpc,none
538,127,193,2025-02-21 20:00:00,2025-02-21 20:21:00,https://partner.com,google,cpc,brand
539,128,195,2025-01-27 20:00:00,2025-01-27 20:27:00,https://facebook.com,none,none,brand
540,128,195,2025-01-26 18:00:00,2025-01-26 18:17:00,direct,google,cpc,none
541,129,196,2025-02-08 20:00:00,2025-02-08 20:36:00,https://google.com,facebook,organic,retargeting
542,129,196,2025-01-13 18:00:00,2025-01-13 18:25:00,https://google.com,none,referral,spring_launch
543,129,197,2025-02-09 10:00:00,2025-02-09 10:56:00,https://google.com,none,organic,none
544,129,196,2025-01-31 12:00:00,2025-01-31 12:27:00,https://partner.com,facebook,cpc,spring_launch
545,130,198,2025-02-03 16:00:00,2025-02-03 16:36:00,direct,none,cpc,spring_launch
546,130,198,2025-01-14 16:00:00,2025-01-14 16:12:00,https://partner.com,email,organic,none
547,130,198,2025-01-01 18:00:00,2025-01-01 18:44:00,https://facebook.com,facebook,referral,brand
548,131,199,2025-02-07 12:00:00,2025-02-07 12:49:00,https://partner.com,email,organic,none
549,131,199,2025-02-10 08:00:00,2025-02-10 08:39:00,direct,email,none,spring_launch
550,131,199,2025-01-21 10:00:00,2025-01-21 10:06:00,direct,none,referral,brand
551,131,199,2025-01-28 18:00:00,2025-01-28 18:21:00,https://facebook.com,email,none,retargeting
552,131,199,2025-01-28 09:00:00,2025-01-28 09:42:00,direct,google,referral,none
553,131,199,2025-01-04 13:00:00,2025-01-04 13:30:00,https://google.com,email,none,retargeting
554,131,199,2025-01-13 11:00:00,2025-01-13 11:36:00,https://google.com,google,none,brand
555,132,200,2025-02-25 18:00:00,2025-02-25 18:32:00,https://google.com,facebook,organic,none
556,132,200,2025-02-09 08:00:00,2025-02-09 08:16:00,https://partner.com,none,none,retargeting
557,132,200,2025-01-04 13:00:00,2025-01-04 13:48:00,direct,google,referral,none
558,133,201,2025-01-24 21:00:00,2025-01-24 21:58:00,https://facebook.com,google,organic,none
559,133,201,2025-02-09 17:00:00,2025-02-09 17:23:00,direct,none,cpc,brand
560,133,201,2025-02-27 18:00:00,2025-02-27 18:20:00,https://google.com,email,referral,none
561,133,201,2025-02-10 12:00:00,2025-02-10 12:48:00,https://facebook.com,email,organic,brand
562,133,201,2025-01-31 09:00:00,2025-01-31 09:24:00,https://partner.com,email,none,brand
563,134,202,2025-01-02 21:00:00,2025-01-02 21:07:00,https://facebook.com,google,cpc,none
564,134,202,2025-02-18 11:00:00,2025-02-18 11:26:00,https://google.com,facebook,cpc,spring_launch
565,135,204,2025-01-15 21:00:00,2025-01-15 21:29:00,https://partner.com,google,organic,spring_launch
566,135,203,2025-01-06 08:00:00,2025-01-06 08:47:00,https://partner.com,email,referral,none
567,135,203,2025-01-27 09:00:00,2025-01-27 09:25:00,direct,facebook,none,brand
568,136,205,2025-01-11 20:00:00,2025-01-11 20:09:00,https://facebook.com,google,cpc,brand
569,136,205,2025-02-06 15:00:00,2025-02-06 15:49:00,https://facebook.com,google,cpc,spring_launch
570,136,205,2025-02-28 09:00:00,2025-02-28 09:05:00,https://partner.com,none,referral,retargeting
571,136,205,2025-01-11 19:00:00,2025-01-11 19:48:00,https://partner.com,email,organic,spring_launch
572,137,206,2025-02-16 09:00:00,2025-02-16 09:59:00,direct,none,cpc,none
573,137,206,2025-01-01 14:00:00,2025-01-01 14:26:00,https://partner.com,google,referral,spring_launch
574,137,206,2025-01-01 16:00:00,2025-01-01 16:46:00,https://facebook.com,facebook,cpc,brand
575,137,206,2025-01-17 13:00:00,2025-01-17 13:42:00,direct,google,none,none
576,137,206,2025-02-16 08:00:00,2025-02-16 08:21:00,https://facebook.com,facebook,cpc,spring_launch
577,137,206,2025-02-07 08:00:00,2025-02-07 08:52:00,https://facebook.com,google,organic,brand
578,137,206,2025-02-15 21:00:00,2025-02-15 21:51:00,https://partner.com,google,referral,retargeting
579,138,208,2025-01-05 13:00:00,2025-01-05 13:53:00,https://google.com,facebook,organic,brand
580,138,207,2025-01-05 17:00:00,2025-01-05 17:24:00,https://facebook.com,email,none,retargeting
581,138,208,2025-01-18 11:00:00,2025-01-18 11:21:00,https://facebook.com,facebook,cpc,brand
582,138,208,2025-02-13 14:00:00,2025-02-13 14:19:00,direct,email,referral,none
583,139,210,2025-01-24 20:00:00,2025-01-24 20:21:00,direct,facebook,cpc,brand
584,139,209,2025-02-01 11:00:00,2025-02-01 11:17:00,https://facebook.com,none,organic,spring_launch
585,139,209,2025-02-17 21:00:00,2025-02-17 21:08:00,direct,none,none,none
586,139,209,2025-01-04 20:00:00,2025-01-04 20:30:00,https://partner.com,google,organic,brand
587,139,209,2025-01-03 13:00:00,2025-01-03 13:12:00,direct,email,referral,spring_launch
588,140,211,2025-02-13 10:00:00,2025-02-13 10:43:00,https://facebook.com,google,cpc,none
589,140,211,2025-02-04 21:00:00,2025-02-04 21:14:00,https://facebook.com,facebook,organic,spring_launch
590,141,212,2025-02-25 17:00:00,2025-02-25 17:50:00,https://partner.com,none,cpc,brand
591,141,212,2025-01-06 17:00:00,2025-01-06 17:22:00,direct,none,organic,none
592,141,212,2025-01-09 12:00:00,2025-01-09 12:14:00,https://partner.com,facebook,none,none
593,141,212,2025-02-28 10:00:00,2025-02-28 10:46:00,direct,email,cpc,none
594,141,212,2025-01-04 11:00:00,2025-01-04 11:21:00,https://google.com,email,cpc,none
595,142,213,2025-03-01 19:00:00,2025-03-01 19:27:00,https://facebook.com,google,organic,spring_launch
596,142,213,2025-02-28 16:00:00,2025-02-28 16:13:00,direct,facebook,referral,spring_launch
597,142,213,2025-02-16 12:00:00,2025-02-16 12:51:00,https://partner.com,none,referral,retargeting
598,142,213,2025-01-25 19:00:00,2025-01-25 19:38:00,https://google.com,none,none,brand
599,142,213,2025-01-25 17:00:00,2025-01-25 17:18:00,https://facebook.com,google,organic,retargeting
600,142,213,2025-01-30 14:00:00,2025-01-30 14:45:00,https://google.com,facebook,referral,none
601,142,213,2025-02-17 09:00:00,2025-02-17 09:14:00,direct,email,referral,spring_launch
602,143,214,2025-02-23 18:00:00,2025-02-23 18:15:00,https://partner.com,google,referral,retargeting
603,143,214,2025-02-04 12:00:00,2025-02-04 12:30:00,https://partner.com,facebook,cpc,none
604,143,214,2025-02-12 17:00:00,2025-02-12 17:16:00,https://partner.com,google,none,brand
605,143,214,2025-02-23 09:00:00,2025-02-23 09:30:00,direct,email,referral,brand
606,143,214,2025-01-08 14:00:00,2025-01-08 14:51:00,direct,facebook,referral,none
607,143,214,2025-03-01 19:00:00,2025-03-01 19:17:00,https://facebook.com,email,cpc,brand
608,144,216,2025-01-28 13:00:00,2025-01-28 13:33:00,https://partner.com,google,organic,brand
609,144,216,2025-01-16 21:00:00,2025-01-16 21:14:00,https://google.com,none,none,spring_launch
610,144,216,2025-02-06 20:00:00,2025-02-06 20:07:00,https://partner.com,email,organic,none
611,144,216,2025-01-19 20:00:00,2025-01-19 20:46:00,https://partner.com,google,referral,brand
612,145,217,2025-02-05 09:00:00,2025-02-05 09:26:00,https://partner.com,facebook,cpc,retargeting
613,145,218,2025-02-05 21:00:00,2025-02-05 21:49:00,direct,facebook,cpc,brand
614,146,219,2025-01-19 13:00:00,2025-01-19 13:10:00,https://partner.com,email,referral,spring_launch
615,146,219,2025-01-20 16:00:00,2025-01-20 16:36:00,https://partner.com,facebook,organic,spring_launch
616,146,219,2025-01-20 14:00:00,2025-01-20 14:15:00,https://google.com,facebook,organic,none
617,146,219,2025-01-29 19:00:00,2025-01-29 19:38:00,https://google.com,facebook,cpc,retargeting
618,146,219,2025-01-31 14:00:00,2025-01-31 14:08:00,direct,facebook,organic,brand
619,147,221,2025-01-02 09:00:00,2025-01-02 09:28:00,https://partner.com,none,none,retargeting
620,147,221,2025-02-08 12:00:00,2025-02-08 12:35:00,https://partner.com,google,referral,brand
621,147,220,2025-01-21 11:00:00,2025-01-21 11:11:00,direct,facebook,none,brand
622,147,220,2025-01-17 08:00:00,2025-01-17 08:15:00,https://partner.com,google,referral,none
623,147,220,2025-02-22 17:00:00,2025-02-22 17:11:00,https://facebook.com,none,none,none
624,147,220,2025-01-19 17:00:00,2025-01-19 17:15:00,https://facebook.com,email,referral,spring_launch
625,148,222,2025-02-23 09:00:00,2025-02-23 09:53:00,https://partner.com,facebook,none,retargeting
626,148,222,2025-01-30 11:00:00,2025-01-30 11:42:00,https://partner.com,google,none,spring_launch
627,149,224,2025-02-23 20:00:00,2025-02-23 20:26:00,https://partner.com,facebook,referral,brand
628,149,223,2025-02-10 09:00:00,2025-02-10 09:36:00,https://google.com,facebook,none,none
629,149,224,2025-01-09 19:00:00,2025-01-09 19:30:00,https://facebook.com,none,cpc,retargeting
630,149,223,2025-02-17 11:00:00,2025-02-17 11:43:00,https://facebook.com,google,referral,none
631,149,224,2025-02-05 15:00:00,2025-02-05 15:58:00,https://facebook.com,email,cpc,retargeting
632,150,225,2025-01-21 17:00:00,2025-01-21 17:50:00,https://google.com,facebook,none,retargeting
633,150,225,2025-02-03 17:00:00,2025-02-03 17:16:00,https://partner.com,facebook,none,spring_launch
634,150,226,2025-02-05 13:00:00,2025-02-05 13:18:00,https://partner.com,google,none,none
635,150,225,2025-01-25 08:00:00,2025-01-25 08:49:00,https://partner.com,facebook,organic,brand
636,151,227,2025-01-05 11:00:00,2025-01-05 11:25:00,https://partner.com,email,organic,brand
637,151,227,2025-01-31 21:00:00,2025-01-31 21:10:00,https://partner.com,none,cpc,spring_launch
638,152,228,2025-01-15 19:00:00,2025-01-15 19:21:00,https://google.com,facebook,referral,none
639,152,228,2025-02-03 12:00:00,2025-02-03 12:49:00,direct,none,referral,none
640,153,229,2025-02-04 08:00:00,2025-02-04 08:32:00,direct,facebook,organic,retargeting
641,153,229,2025-01-23 15:00:00,2025-01-23 15:17:00,direct,none,referral,spring_launch
642,153,229,2025-01-09 20:00:00,2025-01-09 20:10:00,direct,google,referral,retargeting
643,154,230,2025-02-01 18:00:00,2025-02-01 18:43:00,direct,facebook,none,brand
644,154,230,2025-01-29 13:00:00,2025-01-29 13:30:00,https://partner.com,email,none,retargeting
645,154,230,2025-01-03 08:00:00,2025-01-03 08:57:00,direct,google,cpc,retargeting
646,154,230,2025-01-29 11:00:00,2025-01-29 11:10:00,https://partner.com,google,none,brand
647,154,230,2025-02-02 10:00:00,2025-02-02 10:39:00,https://google.com,email,none,none
648,155,231,2025-02-12 20:00:00,2025-02-12 20:17:00,https://partner.com,google,organic,none
649,155,231,2025-02-21 12:00:00,2025-02-21 12:49:00,https://facebook.com,email,referral,none
650,155,231,2025-02-21 15:00:00,2025-02-21 15:46:00,https://facebook.com,none,referral,retargeting
651,155,231,2025-01-23 18:00:00,2025-01-23 18:17:00,https://partner.com,google,none,none
652,155,231,2025-01-19 14:00:00,2025-01-19 14:55:00,https://partner.com,email,referral,brand
653,156,232,2025-02-12 10:00:00,2025-02-12 10:10:00,https://partner.com,facebook,cpc,retargeting
654,156,232,2025-01-28 08:00:00,2025-01-28 08:39:00,https://partner.com,email,none,retargeting
655,156,233,2025-02-16 15:00:00,2025-02-16 15:11:00,direct,google,none,spring_launch
656,157,234,2025-02-21 13:00:00,2025-02-21 13:08:00,direct,none,cpc,brand
657,157,234,2025-02-15 17:00:00,2025-02-15 17:15:00,https://partner.com,facebook,cpc,brand
658,157,234,2025-02-14 14:00:00,2025-02-14 14:54:00,https://partner.com,email,referral,spring_launch
659,157,234,2025-01-26 16:00:00,2025-01-26 16:58:00,https://google.com,email,cpc,none
660,157,234,2025-01-14 21:00:00,2025-01-14 21:39:00,https://facebook.com,none,cpc,brand
661,157,234,2025-01-16 21:00:00,2025-01-16 21:34:00,https://partner.com,google,cpc,brand
662,157,234,2025-02-15 15:00:00,2025-02-15 15:29:00,direct,facebook,organic,brand
663,157,234,2025-02-16 12:00:00,2025-02-16 12:58:00,https://partner.com,facebook,organic,none
664,157,234,2025-01-23 16:00:00,2025-01-23 16:46:00,direct,facebook,cpc,retargeting
665,158,235,2025-02-17 20:00:00,2025-02-17 20:54:00,https://facebook.com,email,none,spring_launch
666,158,235,2025-01-01 19:00:00,2025-01-01 19:57:00,https://partner.com,facebook,none,spring_launch
667,159,236,2025-02-19 16:00:00,2025-02-19 16:39:00,https://google.com,none,referral,none
668,159,237,2025-02-19 11:00:00,2025-02-19 11:47:00,https://partner.com,facebook,cpc,retargeting
669,159,236,2025-01-28 19:00:00,2025-01-28 19:33:00,direct,email,referral,brand
670,160,238,2025-02-10 11:00:00,2025-02-10 11:34:00,https://facebook.com,email,organic,none
671,160,238,2025-01-12 21:00:00,2025-01-12 21:40:00,https://facebook.com,google,referral,brand
672,160,239,2025-01-01 17:00:00,2025-01-01 17:30:00,https://facebook.com,google,organic,retargeting
673,160,238,2025-02-13 15:00:00,2025-02-13 15:28:00,direct,google,organic,brand
674,161,240,2025-02-11 08:00:00,2025-02-11 08:14:00,https://google.com,none,organic,retargeting
675,162,242,2025-02-24 20:00:00,2025-02-24 20:37:00,https://facebook.com,google,referral,retargeting
676,162,241,2025-02-21 14:00:00,2025-02-21 14:57:00,https://facebook.com,facebook,referral,brand
677,163,243,2025-02-27 18:00:00,2025-02-27 18:08:00,direct,facebook,none,spring_launch
678,163,243,2025-02-03 20:00:00,2025-02-03 20:28:00,https://facebook.com,facebook,none,brand
679,163,243,2025-01-06 17:00:00,2025-01-06 17:29:00,direct,google,cpc,brand
680,163,243,2025-02-28 21:00:00,2025-02-28 21:43:00,https://partner.com,none,none,brand
681,164,245,2025-01-23 12:00:00,2025-01-23 12:46:00,https://partner.com,email,organic,brand
682,164,245,2025-02-08 17:00:00,2025-02-08 17:19:00,https://google.com,email,referral,brand
683,164,245,2025-01-19 17:00:00,2025-01-19 17:32:00,direct,email,organic,none
684,165,247,2025-01-04 10:00:00,2025-01-04 10:25:00,https://google.com,none,referral,none
685,165,247,2025-01-13 10:00:00,2025-01-13 10:52:00,https://partner.com,facebook,cpc,spring_launch
686,165,247,2025-02-26 14:00:00,2025-02-26 14:19:00,https://facebook.com,facebook,cpc,retargeting
687,165,246,2025-01-24 08:00:00,2025-01-24 08:41:00,https://google.com,facebook,referral,none
688,165,247,2025-02-15 15:00:00,2025-02-15 15:53:00,https://facebook.com,none,cpc,spring_launch
689,166,249,2025-01-06 12:00:00,2025-01-06 12:47:00,https://facebook.com,facebook,cpc,brand
690,166,249,2025-01-14 19:00:00,2025-01-14 19:22:00,https://partner.com,email,cpc,none
691,166,248,2025-02-20 15:00:00,2025-02-20 15:31:00,direct,google,none,none
692,166,248,2025-01-20 19:00:00,2025-01-20 19:37:00,https://facebook.com,google,organic,none
693,167,250,2025-01-25 11:00:00,2025-01-25 11:58:00,https://facebook.com,email,organic,retargeting
694,167,250,2025-01-10 14:00:00,2025-01-10 14:49:00,https://facebook.com,email,referral,none
695,167,250,2025-02-16 20:00:00,2025-02-16 20:54:00,direct,google,referral,brand
696,167,250,2025-01-19 10:00:00,2025-01-19 10:43:00,https://google.com,facebook,organic,retargeting
697,167,250,2025-02-23 20:00:00,2025-02-23 20:48:00,https://partner.com,google,cpc,brand
698,168,252,2025-01-19 09:00:00,2025-01-19 09:16:00,https://partner.com,none,none,brand
699,168,252,2025-02-02 10:00:00,2025-02-02 10:32:00,https://partner.com,google,organic,spring_launch
700,169,253,2025-01-28 10:00:00,2025-01-28 10:49:00,https://partner.com,none,referral,brand
701,169,253,2025-01-22 12:00:00,2025-01-22 12:30:00,https://google.com,google,cpc,spring_launch
702,169,253,2025-01-06 14:00:00,2025-01-06 14:55:00,direct,email,referral,brand
703,169,254,2025-02-01 21:00:00,2025-02-01 21:17:00,https://facebook.com,email,referral,spring_launch
704,169,254,2025-01-21 16:00:00,2025-01-21 16:43:00,direct,google,none,retargeting
705,169,253,2025-01-24 10:00:00,2025-01-24 10:51:00,direct,facebook,referral,retargeting
706,169,253,2025-02-17 11:00:00,2025-02-17 11:31:00,direct,google,cpc,spring_launch
707,170,255,2025-02-18 14:00:00,2025-02-18 14:24:00,https://google.com,facebook,cpc,none
708,170,255,2025-01-17 19:00:00,2025-01-17 19:45:00,https://facebook.com,google,organic,retargeting
709,170,255,2025-02-10 13:00:00,2025-02-10 13:15:00,https://google.com,google,organic,retargeting
710,171,257,2025-02-09 10:00:00,2025-02-09 10:59:00,direct,google,none,brand
711,172,258,2025-02-14 08:00:00,2025-02-14 08:47:00,https://facebook.com,google,none,retargeting
712,172,258,2025-01-29 10:00:00,2025-01-29 10:27:00,direct,google,none,retargeting
713,172,258,2025-02-20 16:00:00,2025-02-20 16:05:00,https://facebook.com,email,cpc,retargeting
714,172,258,2025-01-16 19:00:00,2025-01-16 19:44:00,direct,facebook,organic,spring_launch
715,172,258,2025-02-14 13:00:00,2025-02-14 13:25:00,https://facebook.com,facebook,none,spring_launch
716,173,259,2025-02-11 17:00:00,2025-02-11 17:34:00,https://google.com,none,organic,none
717,174,260,2025-01-09 11:00:00,2025-01-09 11:44:00,https://google.com,google,cpc,retargeting
718,175,261,2025-02-21 12:00:00,2025-02-21 12:59:00,https://google.com,none,referral,retargeting
719,175,261,2025-02-16 09:00:00,2025-02-16 09:33:00,https://google.com,none,organic,spring_launch
720,176,262,2025-02-15 16:00:00,2025-02-15 16:34:00,https://google.com,email,referral,spring_launch
721,176,262,2025-02-11 20:00:00,2025-02-11 20:40:00,https://partner.com,google,none,spring_launch
722,176,262,2025-01-10 19:00:00,2025-01-10 19:13:00,https://partner.com,email,organic,retargeting
723,177,263,2025-02-20 12:00:00,2025-02-20 12:59:00,direct,google,referral,retargeting
724,177,263,2025-01-20 19:00:00,2025-01-20 19:59:00,https://google.com,google,organic,spring_launch
725,177,263,2025-01-13 17:00:00,2025-01-13 17:43:00,https://partner.com,facebook,referral,retargeting
726,177,263,2025-01-03 17:00:00,2025-01-03 17:39:00,https://facebook.com,email,organic,none
727,177,263,2025-01-05 10:00:00,2025-01-05 10:26:00,direct,none,referral,retargeting
728,178,264,2025-02-07 11:00:00,2025-02-07 11:11:00,https://facebook.com,email,cpc,spring_launch
729,178,264,2025-01-16 13:00:00,2025-01-16 13:44:00,direct,none,organic,none
730,178,264,2025-01-16 11:00:00,2025-01-16 11:23:00,https://facebook.com,google,referral,spring_launch
731,178,264,2025-01-13 14:00:00,2025-01-13 14:31:00,https://facebook.com,facebook,none,spring_launch
732,178,264,2025-01-06 15:00:00,2025-01-06 15:22:00,direct,facebook,cpc,retargeting
733,178,264,2025-01-25 14:00:00,2025-01-25 14:21:00,https://facebook.com,none,referral,retargeting
734,178,264,2025-02-20 21:00:00,2025-02-20 21:38:00,https://partner.com,email,referral,retargeting
735,179,265,2025-02-20 17:00:00,2025-02-20 17:52:00,https://google.com,facebook,none,brand
736,180,266,2025-01-08 15:00:00,2025-01-08 15:58:00,https://partner.com,email,referral,brand
737,180,266,2025-02-23 20:00:00,2025-02-23 20:44:00,direct,email,cpc,brand
738,180,266,2025-01-16 13:00:00,2025-01-16 13:11:00,https://partner.com,email,cpc,brand
739,180,266,2025-01-11 17:00:00,2025-01-11 17:57:00,https://google.com,facebook,referral,none
740,180,266,2025-02-06 16:00:00,2025-02-06 16:21:00,direct,none,cpc,none
741,180,266,2025-02-01 10:00:00,2025-02-01 10:56:00,direct,facebook,referral,none
742,181,267,2025-02-21 14:00:00,2025-02-21 14:22:00,https://facebook.com,facebook,organic,retargeting
743,181,267,2025-01-15 13:00:00,2025-01-15 13:31:00,direct,facebook,none,brand
744,181,267,2025-01-08 10:00:00,2025-01-08 10:51:00,https://google.com,google,organic,none
745,181,267,2025-02-09 20:00:00,2025-02-09 20:36:00,https://partner.com,facebook,none,spring_launch
746,182,269,2025-01-15 19:00:00,2025-01-15 19:18:00,https://google.com,facebook,organic,retargeting
747,183,270,2025-01-25 13:00:00,2025-01-25 13:18:00,https://partner.com,email,organic,retargeting
748,184,271,2025-01-21 20:00:00,2025-01-21 20:57:00,https://facebook.com,email,cpc,none
749,184,271,2025-02-19 17:00:00,2025-02-19 17:53:00,direct,google,none,retargeting
750,184,271,2025-02-24 09:00:00,2025-02-24 09:08:00,https://google.com,email,organic,retargeting
751,185,272,2025-02-09 16:00:00,2025-02-09 16:09:00,https://facebook.com,google,organic,spring_launch
752,185,272,2025-02-12 11:00:00,2025-02-12 11:26:00,https://partner.com,facebook,organic,retargeting
753,185,272,2025-02-24 20:00:00,2025-02-24 20:42:00,direct,facebook,cpc,retargeting
754,185,272,2025-01-07 08:00:00,2025-01-07 08:37:00,https://google.com,none,none,none
755,185,272,2025-01-18 18:00:00,2025-01-18 18:47:00,direct,none,cpc,none
756,186,273,2025-02-03 14:00:00,2025-02-03 14:54:00,https://partner.com,none,cpc,spring_launch
757,186,274,2025-02-25 09:00:00,2025-02-25 09:58:00,https://google.com,google,referral,brand
758,186,273,2025-02-11 08:00:00,2025-02-11 08:19:00,direct,facebook,referral,retargeting
759,187,275,2025-02-15 08:00:00,2025-02-15 08:56:00,https://facebook.com,email,cpc,spring_launch
760,187,275,2025-01-26 21:00:00,2025-01-26 21:13:00,direct,email,none,retargeting
761,187,275,2025-02-20 15:00:00,2025-02-20 15:55:00,https://facebook.com,none,none,none
762,187,275,2025-01-27 13:00:00,2025-01-27 13:12:00,https://google.com,facebook,cpc,spring_launch
763,187,275,2025-01-24 14:00:00,2025-01-24 14:23:00,https://facebook.com,email,cpc,brand
764,187,275,2025-03-01 10:00:00,2025-03-01 10:34:00,https://google.com,facebook,referral,none
765,187,275,2025-01-29 10:00:00,2025-01-29 10:45:00,https://facebook.com,facebook,cpc,brand
766,188,277,2025-02-26 19:00:00,2025-02-26 19:38:00,https://facebook.com,google,cpc,none
767,188,277,2025-01-21 20:00:00,2025-01-21 20:10:00,https://google.com,email,cpc,brand
768,188,276,2025-01-21 12:00:00,2025-01-21 12:20:00,direct,google,organic,none
769,188,276,2025-01-26 19:00:00,2025-01-26 19:05:00,https://facebook.com,none,referral,spring_launch
770,188,277,2025-02-26 18:00:00,2025-02-26 18:27:00,https://partner.com,google,referral,none
771,188,277,2025-01-15 09:00:00,2025-01-15 09:50:00,https://partner.com,facebook,organic,none
772,188,276,2025-01-07 10:00:00,2025-01-07 10:06:00,https://facebook.com,google,cpc,spring_launch
773,188,276,2025-01-12 13:00:00,2025-01-12 13:26:00,https://google.com,none,cpc,retargeting
774,189,278,2025-02-02 14:00:00,2025-02-02 14:27:00,https://facebook.com,google,referral,brand
775,189,278,2025-02-13 18:00:00,2025-02-13 18:30:00,https://google.com,email,none,spring_launch
776,189,278,2025-02-24 18:00:00,2025-02-24 18:09:00,https://google.com,facebook,referral,retargeting
777,190,279,2025-01-15 10:00:00,2025-01-15 10:27:00,https://google.com,facebook,cpc,spring_launch
778,190,279,2025-02-10 14:00:00,2025-02-10 14:11:00,direct,facebook,none,brand
779,190,279,2025-01-18 18:00:00,2025-01-18 18:11:00,https://google.com,google,cpc,retargeting
780,190,279,2025-02-21 13:00:00,2025-02-21 13:43:00,https://facebook.com,email,organic,retargeting
781,191,280,2025-01-12 15:00:00,2025-01-12 15:20:00,https://google.com,none,referral,retargeting
782,191,280,2025-01-27 19:00:00,2025-01-27 19:21:00,https://partner.com,facebook,referral,retargeting
783,191,280,2025-02-27 09:00:00,2025-02-27 09:40:00,https://facebook.com,email,cpc,brand
784,191,280,2025-01-25 14:00:00,2025-01-25 14:26:00,https://partner.com,email,organic,spring_launch
785,191,280,2025-01-11 17:00:00,2025-01-11 17:29:00,https://google.com,none,referral,spring_launch
786,191,280,2025-02-07 16:00:00,2025-02-07 16:49:00,https://partner.com,none,organic,none
787,192,281,2025-01-24 16:00:00,2025-01-24 16:08:00,https://google.com,google,cpc,retargeting
788,192,281,2025-02-17 21:00:00,2025-02-17 21:44:00,https://facebook.com,email,cpc,spring_launch
789,192,281,2025-01-18 14:00:00,2025-01-18 14:33:00,https://partner.com,facebook,cpc,spring_launch
790,192,281,2025-01-18 17:00:00,2025-01-18 17:52:00,https://partner.com,google,cpc,retargeting
791,193,282,2025-02-28 11:00:00,2025-02-28 11:51:00,direct,none,cpc,spring_launch
792,193,282,2025-01-15 18:00:00,2025-01-15 18:19:00,https://partner.com,google,referral,brand
793,193,282,2025-01-26 11:00:00,2025-01-26 11:30:00,https://google.com,facebook,organic,retargeting
794,194,283,2025-02-12 08:00:00,2025-02-12 08:59:00,direct,none,none,none
795,194,283,2025-02-22 13:00:00,2025-02-22 13:11:00,https://facebook.com,none,none,none
796,194,284,2025-02-23 21:00:00,2025-02-23 21:05:00,https://google.com,facebook,organic,none
797,194,284,2025-01-16 17:00:00,2025-01-16 17:12:00,direct,none,organic,none
798,194,283,2025-01-20 14:00:00,2025-01-20 14:45:00,direct,facebook,organic,retargeting
799,194,284,2025-01-07 08:00:00,2025-01-07 08:30:00,https://google.com,none,referral,brand
800,194,284,2025-02-21 11:00:00,2025-02-21 11:30:00,https://facebook.com,facebook,none,retargeting
801,194,283,2025-02-18 19:00:00,2025-02-18 19:30:00,https://google.com,google,organic,none
802,195,285,2025-02-11 16:00:00,2025-02-11 16:27:00,direct,google,referral,spring_launch
803,195,285,2025-02-17 19:00:00,2025-02-17 19:06:00,https://partner.com,none,referral,retargeting
804,195,285,2025-01-03 14:00:00,2025-01-03 14:16:00,https://partner.com,facebook,none,none
805,195,285,2025-01-14 10:00:00,2025-01-14 10:38:00,https://partner.com,google,organic,retargeting
806,196,286,2025-02-21 18:00:00,2025-02-21 18:58:00,https://facebook.com,google,referral,none
807,196,286,2025-01-07 10:00:00,2025-01-07 10:10:00,https://partner.com,email,cpc,brand
808,197,288,2025-01-03 17:00:00,2025-01-03 17:09:00,https://google.com,google,cpc,brand
809,197,288,2025-01-03 20:00:00,2025-01-03 20:10:00,https://facebook.com,google,none,spring_launch
810,197,287,2025-02-26 18:00:00,2025-02-26 18:42:00,https://facebook.com,none,cpc,brand
811,198,290,2025-02-24 21:00:00,2025-02-24 21:38:00,https://facebook.com,facebook,cpc,spring_launch
812,198,290,2025-01-03 21:00:00,2025-01-03 21:35:00,https://google.com,none,referral,none
813,198,289,2025-02-11 20:00:00,2025-02-11 20:38:00,https://google.com,facebook,cpc,none
814,199,291,2025-01-10 09:00:00,2025-01-10 09:10:00,https://google.com,email,referral,brand
815,199,291,2025-02-26 19:00:00,2025-02-26 19:13:00,https://partner.com,facebook,referral,none
816,200,294,2025-01-29 17:00:00,2025-01-29 17:16:00,https://facebook.com,none,organic,retargeting
817,200,293,2025-01-21 13:00:00,2025-01-21 13:25:00,https://facebook.com,facebook,referral,none
818,200,294,2025-01-24 14:00:00,2025-01-24 14:11:00,https://google.com,facebook,organic,retargeting
